<?xml version="1.0" encoding="UTF-8"?>
<!DOCTYPE mapper PUBLIC "-//mybatis.org//DTD Mapper 3.0//EN" "http://mybatis.org/dtd/mybatis-3-mapper.dtd">
<mapper namespace="com.ccb.dubbo.provider.Mapper.UserMapper">
  <resultMap id="BaseResultMap" type="com.ccb.dubbo.common.model.User">
    <id column="user_id" jdbcType="INTEGER" property="userId" />
    <result column="username" jdbcType="VARCHAR" property="username" />
    <result column="email" jdbcType="VARCHAR" property="email" />
    <result column="password" jdbcType="VARCHAR" property="password" />
    <result column="role_id" jdbcType="INTEGER" property="roleId" />
  </resultMap>
  <sql id="Base_Column_List">
    user_id, username, email, password, role_id
  </sql>
  <select id="selectByPrimaryKey" parameterType="java.lang.Integer" resultMap="BaseResultMap">
    select 
    <include refid="Base_Column_List" />
    from users
    where user_id = #{userId,jdbcType=INTEGER}
  </select>
  <select id="selectAllUsers" resultMap="BaseResultMap">
    select
    <include refid="Base_Column_List" />
    from users
  </select>
  <delete id="deleteByPrimaryKey" parameterType="java.lang.Integer">
    delete from users
    where user_id = #{userId,jdbcType=INTEGER}
  </delete>
  <insert id="insert" parameterType="com.ccb.dubbo.common.model.User">
    insert into users (user_id, username, email, 
      password, role_id)
    values (#{userId,jdbcType=INTEGER}, #{username,jdbcType=VARCHAR}, #{email,jdbcType=VARCHAR}, 
      #{password,jdbcType=VARCHAR}, #{roleId,jdbcType=INTEGER})
  </insert>
  <insert id="insertSelective" parameterType="com.ccb.dubbo.common.model.User">
    insert into users
    <trim prefix="(" suffix=")" suffixOverrides=",">
      <if test="userId != null">
        user_id,
      </if>
      <if test="username != null">
        username,
      </if>
      <if test="email != null">
        email,
      </if>
      <if test="password != null">
        password,
      </if>
      <if test="roleId != null">
        role_id,
      </if>
    </trim>
    <trim prefix="values (" suffix=")" suffixOverrides=",">
      <if test="userId != null">
        #{userId,jdbcType=INTEGER},
      </if>
      <if test="username != null">
        #{username,jdbcType=VARCHAR},
      </if>
      <if test="email != null">
        #{email,jdbcType=VARCHAR},
      </if>
      <if test="password != null">
        #{password,jdbcType=VARCHAR},
      </if>
      <if test="roleId != null">
        #{roleId,jdbcType=INTEGER},
      </if>
    </trim>
  </insert>
  <update id="updateByPrimaryKeySelective" parameterType="com.ccb.dubbo.common.model.User">
    update users
    <set>
      <if test="username != null">
        username = #{username,jdbcType=VARCHAR},
      </if>
      <if test="email != null">
        email = #{email,jdbcType=VARCHAR},
      </if>
      <if test="password != null">
        password = #{password,jdbcType=VARCHAR},
      </if>
      <if test="roleId != null">
        role_id = #{roleId,jdbcType=INTEGER},
      </if>
    </set>
    where user_id = #{userId,jdbcType=INTEGER}
  </update>
  <update id="updateByPrimaryKey" parameterType="com.ccb.dubbo.common.model.User">
    update users
    set username = #{username,jdbcType=VARCHAR},
      email = #{email,jdbcType=VARCHAR},
      password = #{password,jdbcType=VARCHAR},
      role_id = #{roleId,jdbcType=INTEGER}
    where user_id = #{userId,jdbcType=INTEGER}
  </update>
</mapper>